employee_id,full_name
1580,Баранова София
4512,Соловьева Анастасия
3936,Кириллова Варвара
1587,Кузнецов Тимофей
4504,Воробьева Милана
3239,Николаев Арсений
3478,Гаврилова Александра
3817,Кожевникова Юлия
3756,Бирюкова Ирина
1509,Кириллов Иван
2758,Лебедева Марьяна
4449,Козлова Аврора
3377,Давыдова Варвара
946,Александров Даниил
4176,Журавлев Максим
4348,Алексеев Даниил
4664,Волков Филипп
3909,Медведев Артём
1067,Степанов Борис
4316,Соболев Матвей
4347,Булатова Стефания
4255,Седов Иван
4036,Сергеева Анастасия
3569,Фролова Арина
3964,Петров Михаил
3762,Майоров Даниил
4116,Спиридонова Арина
1475,Маркова Анна
3170,Кузнецова София
3307,Астахов Андрей
4020,Чистякова Софья
4448,Лавров Степан
1235,Шаров Денис
940,Ермолаева Мария
4446,Наумов Георгий
4188,Гаврилов Константин
4407,Попова Кристина
4435,Васильева Анна
1431,Иванова Дарья
3703,Кондратьев Александр
2984,Семенов Давид
1649,Казакова Анастасия
4417,Рудакова Мария
1289,Цветкова Каролина
3619,Прохорова Евгения
3955,Чумаков Даниил
3854,Гуляев Марк
4452,Беляев Эмир
4518,Прохоров Константин
3460,Селиванов Степан
3451,Антонова София
3426,Кочетов Даниил
3577,Данилова Анна
1578,Фомин Михаил
1024,Лукин Артемий
769,Евдокимова Дарья
4470,Кузнецова Варвара
4464,Кудрявцев Илья
4048,Фокина Дарья
3639,Румянцева Мия
4078,Березин Александр
2735,Крылов Валерий
3811,Кудрявцева Виктория
305,Кузин Павел
3457,Воронин Роберт
3476,Новиков Егор
3154,Елисеева Милана
3986,Миронова Варвара
3824,Худяков Денис
4252,Миронова Мария
1163,Васильева Василиса
220,Ткачев Артём
4506,Романов Александр
4356,Чистяков Никита
3642,Козин Владимир
4457,Назаров Марк
4161,Козлова Ольга
4673,Наумова Алиса
3667,Ефремов Матвей
1650,Кузнецова Вероника
3779,Цветкова Софья
3190,Абрамова Евгения
3769,Хохлов Дмитрий
3282,Беляков Павел
3098,Петрова Ангелина
4079,Андреева Валерия
1505,Кузнецов Марк
2890,Копылова Екатерина
4111,Филимонова Милана
4507,Хомяков Марк
4479,Васильева Александра
4474,Семенов Савелий
2815,Титова Василиса
2748,Киселева Милана
3774,Егоров Артём
1054,Николаев Ярослав
4034,Александров Олег
3442,Зайцева Вероника
4635,Денисов Лев
2742,Горшков Максим
4626,Борисов Денис
4104,Захаров Иван
3635,Воробьев Евгений
4139,Воронцов Тимофей
2719,Евдокимов Иван
4451,Смирнов Сергей
1212,Нефедова Валентина
4500,Гусев Михаил
3921,Мещерякова Александра
1457,Алексеев Иван
1635,Сотникова Анастасия
3292,Коновалов Никита
886,Зайцева Ксения
3611,Савельев Кирилл
985,Лукьянов Эмин
4210,Степанов Артём
1601,Корчагина Ксения
2849,Жукова Ульяна
1117,Гусева Кира
3445,Аксенова Софья
2127,Кравцова Кира
3047,Максимов Егор
3595,Никитин Кирилл
2829,Степанов Георгий
1613,Туманова Вера
3417,Акимов Илья
3138,Ежов Егор
382,Куликова Кира
4665,Попова Мария
4642,Дмитриев Даниил
3827,Зубков Андрей
450,Гуляева Екатерина
4453,Лазарева Анастасия
4508,Богданов Кирилл
4031,Маркелов Дамир
4502,Соколов Иван
4461,Беляев Степан
3378,Иванов Платон
4250,Денисов Александр
1063,Зимина Виктория
1062,Ковалев Денис
4627,Козлова Виктория
3822,Ковалев Максим
4426,Гордеева Надежда
3826,Алексеева Амина
4466,Самойлова Элина
3142,Харитонова Мирослава
4263,Левина Аиша
4443,Ткачева Милана
3833,Александров Макар
4150,Фокина Варвара
3054,Данилова Кристина
4217,Смирнова Василиса
982,Андреев Кирилл
3728,Виноградов Платон
4465,Зверева Варвара
3991,Успенский Фёдор
4482,Козлова Варвара
3649,Беляева Арина
4436,Савин Степан
4392,Воронин Владимир
3498,Агафонов Семён
4486,Киселев Роман
4430,Макаров Александр
3640,Гусев Давид
3943,Пономарев Кирилл
4429,Александрова Ксения
4028,Горелова Елизавета
2848,Фомин Арсений
1540,Соколов Лука
4148,Авдеева Анжелика
4113,Морозова Варвара
4438,Латышев Данила
4247,Анисимов Роман
2798,Баранова Ясмина
3416,Чернышев Роман
324,Морозов Владислав
3284,Семенов Александр
1479,Королев Давид
2273,Глебова Екатерина
3315,Токарев Павел
4387,Голубева Ксения
4342,Парфенов Тимофей
4361,Федотова Евгения
3308,Копылова Вера
2904,Калинина Варвара
984,Петров Даниил
4469,Соколов Герман
2928,Осипова Марина
1267,Новиков Иван
992,Агафонова Алиса
4178,Гришина Елизавета
4494,Алексеева Василиса
2797,Александрова София
3715,Кулешова Алёна
4510,Родина Анастасия
1411,Васильева Варвара
4467,Филиппова Анастасия
2901,Балашов Тимофей
3016,Калинина Мария
1060,Глебов Лука
2874,Казакова Арина
4492,Попов Илья
3105,Губанов Дмитрий
1071,Петров Григорий
4515,Рогова Анастасия
4428,Маслов Никита
3132,Петров Алексей
1209,Королев Матвей
4498,Голубева Ярослава
3841,Сомов Кирилл
2977,Матвеева Арина
4322,Куликов Владислав
4096,Михайлов Владислав
4377,Калашникова Василиса
2800,Ермолаев Денис
3838,Смирнов Иван
312,Лукина Варвара
3496,Алексеев Максим
1569,Пахомов Максим
3043,Карпова Ева
300,Аникина Елизавета
3860,Федоров Иван
3916,Васильев Михаил
2879,Барсукова Мира
3980,Комарова Дарина
3560,Рыжова Майя
2718,Тихонов Илья
3023,Филиппова Анастасия
2955,Богомолов Тихон
4049,Федосеева Аделина
3057,Комарова Майя
4149,Сотникова Нина
3428,Носова Анна
3688,Дубова Ева
4220,Миронова Мария
4463,Елизаров Кирилл
3572,Михайлов Артём
275,Ларионова Софья
3662,Тихонова Анастасия
1412,Данилов Семён
3011,Зайцев Никита
4402,Анисимов Степан
4666,Михайлова Елена
4647,Власов Егор
647,Панин Александр
1459,Анохин Андрей
4054,Дементьев Марк
4582,Белов Давид
411,Одинцов Давид
4082,Соловьева Милана
3790,Покровская Алиса
3971,Голубева Ясмина
3692,Панкратов Марк
1283,Сорокина Аделина
4633,Некрасов Ибрагим
4455,Горбачев Артём
4109,Баранова Алиса
1503,Кондратьева Аделина
316,Леонова Татьяна
4071,Фомин Михаил
3091,Щукин Илья
3281,Масленников Артемий
4459,Федоров Михаил
1643,Горюнова Алиса
4395,Зуева Алиса
4663,Баранова Виктория
4631,Окулов Ярослав
4015,Цветков Артём
3832,Соболев Никита
3845,Фомина Мия
3657,Савельев Матвей
4433,Лебедев Ян
3581,Васильева Валерия
4155,Сальникова Амина
3737,Афанасьева Мария
3709,Волков Платон
3181,Алексеев Михаил
4563,Никольский Виталий
4303,Суворов Дмитрий
3877,Баранов Егор
4432,Борисова Есения
3200,Павловский Георгий
4441,Столярова Анастасия
1563,Королев Александр
3633,Ульянова Анастасия
1517,Иванов Алексей
1598,Николаев Егор
4570,Медведева Вера
4450,Иванов Тимофей
4445,Карпова Александра
3516,Щеглов Матвей
4110,Ковалева Екатерина
999,Максимов Александр
4112,Селезнев Павел
4267,Полякова Мирослава
1064,Горюнов Даниил
505,Майоров Даниил
4431,Бондарев Даниил
4509,Еремин Борис
3686,Иванова Дарья
3691,Чернов Дмитрий
3188,Кузнецова Полина
3729,Ковалев Сергей
1046,Жуков Дмитрий
4249,Савельев Илья
1161,Ильин Александр
4496,Прокофьева Евгения
4458,Субботин Мирон
3137,Горбунова Амина
4493,Карасева Анастасия
4434,Блинов Марк
4471,Уткина Василина
4163,Бочаров Лев
4547,Беляева Ева
3259,Ковалев Максим
1077,Сидорова Александра
1032,Демидова Полина
1591,Давыдов Евгений
3681,Калачев Сергей
2837,Ермолаев Лев
1429,Волкова Вероника
3420,Николаев Константин
3242,Покровский Артём
4454,Плотникова Александра
3695,Смирнова Вера
4594,Дроздов Герман
4219,Петров Денис
4440,Корнилов Максим
4098,Макеева Софья
4254,Березина Евгения
3800,Прохорова Мия
3748,Зимин Александр
3573,Алексеева Анастасия
1508,Волков Мирон
1387,Титов Степан
3187,Ефремов Макар
804,Рудакова Дарья
3815,Литвинова Елизавета
4346,Фомичева Анна
3136,Сорокина Виктория
445,Смирнова Мария
4187,Баранова София
4240,Короткова Алиса
1370,Кузнецов Даниил
3665,Ершова Оливия
991,Макарова Эмилия
1611,Матвеев Степан
4516,Воронина Кира
4228,Воробьева Мария
3246,Никулин Владислав
1636,Коровина Амира
3876,Иванов Дмитрий
3629,Андрианова Кира
1513,Соколова Элина
1566,Нефедова Мария
3219,Журавлева Виктория
3396,Смирнов Матвей
1137,Кузнецова Ульяна
3670,Павлова Майя
369,Исаев Роман
4477,Соколова Сафия
4198,Тимофеев Роман
4672,Захарова Екатерина
3632,Степанова Елизавета
3631,Филимонов Матвей
4662,Афанасьева Варвара
4447,Кондрашова Мария
2986,Киселева Айлин
3799,Ершова Вера
4399,Терехова Василиса
4503,Борисов Борис
4442,Тихонов Даниил
3782,Скворцова Марта
4540,Григорьев Филипп
3613,Медведев Ярослав
987,Сергеев Ярослав
3152,Киреева Мария
3933,Троицкий Иван
4591,Иванов Роман
4489,Леонов Марк
319,Белова Анна
4460,Яковлев Даниил
517,Соболев Марк
3194,Терентьев Михаил
3427,Семенов Демид
3352,Воронина София
4623,Федорова Лилия
4437,Сальников Егор
3205,Фомин Артём
4462,Соловьева Варвара
773,Любимова Аиша
2843,Широкова Малика
4646,Белов Тимур
4382,Титов Михаил
1610,Баранова Полина
4439,Ермолова Александра
3433,Котова Ева
3716,Крюков Максим
60,Буров Сергей
3273,Осипов Богдан
1504,Егорова Ярослава
4168,Кузнецова София
4478,Зайцев Константин
289,Ефимов Ярослав
3683,Колесников Юрий
3474,Петров Максим
3706,Зайцева Анастасия
4456,Чеботарев Алексей
4162,Антонова Мила
3151,Назарова Валерия
2883,Казаков Алексей
4218,Кузнецов Фёдор
4630,Румянцев Арсений
4026,Лебедев Лев
4409,Лебедев Андрей
3713,Шмелева Полина
1534,Королев Мирон
3605,Захарова Елизавета
4476,Борисов Никита
3958,Волков Александр
3676,Демьянов Егор
4354,Иванов Даниил
4090,Прокофьева Мария
3121,Ушакова Ксения
4117,Зайцев Александр
1070,Головина Полина
3751,Кузьмина Александра
4468,Прокофьев Тимофей
3731,Трофимов Даниил
4251,Мухина Варвара
2861,Попов Артём
1068,Яшина Елизавета
4063,Черная Амалия
4637,Корнеев Вадим
1335,Маслов Александр
4253,Раков Платон
3310,Завьялов Ярослав
4227,Королев Иван
4578,Коршунова Александра
174,Попов Владимир
4057,Щеглов Егор
2863,Рожкова Ксения
4388,Климов Лев
3710,Копылов Тимофей
4222,Демидова Алиса
4378,Дубровина Кира
833,Чернышева Алиса
4177,Дмитриева Алёна
1207,Колосова Майя
3116,Панина Алиса
499,Вавилов Тимофей
4583,Миронов Арсений
3738,Родин Глеб
1076,Давыдов Константин
2724,Попов Лев
326,Казакова Виктория
4524,Васильев Роман
3843,Акимова Анастасия
4658,Тарасов Дмитрий
4444,Лопатин Кирилл
3094,Беляева Анна
3554,Логинов Ярослав
4649,Виноградова Софья
3967,Данилов Егор
3542,Пономарева Мирослава
1072,Круглова Марьям
4653,Степанова Элина
3565,Савин Михаил
3540,Мельникова Анна
3443,Григорьев Арсений
901,Алексеева Виктория
4272,Кузнецова Кристина
4145,Кузнецова Дарья
1625,Аксенов Даниил
536,Некрасова Виктория
3697,Воробьева Виктория
4549,Соколов Дмитрий
4037,Никитин Александр
3276,Васильева Таисия
3734,Смирнова Ксения
3984,Щербаков Дмитрий
4201,Клюева Арина
